{"cameraMode":{"drawMode":0,"name":"Shaded","section":"Shading Mode"},"sceneLighting":false,"audioPlay":false,"sceneViewState":{"showFog":false,"showMaterialUpdate":false,"showSkybox":false,"showFlares":false,"showImageEffects":false,"showParticleSystems":true},"in2DMode":false,"pivot":{"x":-1.7129135131835938,"y":-16.538818359375,"z":3.227726936340332},"rotation":{"x":-0.07163252681493759,"y":0.8952704071998596,"z":-0.15598438680171967,"w":-0.41113215684890749},"size":112.6087417602539,"orthographic":false}