{"cameraMode":{"drawMode":0,"name":"Shaded","section":"Shading Mode"},"sceneLighting":false,"audioPlay":false,"sceneViewState":{"showFog":false,"showMaterialUpdate":false,"showSkybox":false,"showFlares":false,"showImageEffects":false,"showParticleSystems":true},"in2DMode":false,"pivot":{"x":-64.92945098876953,"y":-16.902652740478517,"z":18.0402889251709},"rotation":{"x":-0.1073174700140953,"y":0.5981041789054871,"z":-0.08124276250600815,"w":-0.7900465726852417},"size":78.45349884033203,"orthographic":false}