{"cameraMode":{"drawMode":0,"name":"Shaded","section":"Shading Mode"},"sceneLighting":false,"audioPlay":false,"sceneViewState":{"showFog":false,"showMaterialUpdate":false,"showSkybox":false,"showFlares":false,"showImageEffects":false,"showParticleSystems":true},"in2DMode":false,"pivot":{"x":0.5845000147819519,"y":2.365445613861084,"z":1.082865834236145},"rotation":{"x":-0.10828059911727905,"y":-0.6786131858825684,"z":0.10214812308549881,"w":-0.7192965149879456},"size":28.084531784057618,"orthographic":false}