{"cameraMode":{"drawMode":0,"name":"Shaded","section":"Shading Mode"},"sceneLighting":false,"audioPlay":false,"sceneViewState":{"showFog":false,"showMaterialUpdate":false,"showSkybox":false,"showFlares":false,"showImageEffects":false,"showParticleSystems":true},"in2DMode":false,"pivot":{"x":-0.20473718643188477,"y":2.3546721935272219,"z":0.6924989223480225},"rotation":{"x":0.23698756098747254,"y":-0.6447448134422302,"z":0.22062169015407563,"w":0.6925132870674133},"size":21.24750518798828,"orthographic":false}