{"cameraMode":{"drawMode":0,"name":"Shaded","section":"Shading Mode"},"sceneLighting":false,"audioPlay":false,"sceneViewState":{"showFog":false,"showMaterialUpdate":false,"showSkybox":false,"showFlares":false,"showImageEffects":false,"showParticleSystems":true},"in2DMode":false,"pivot":{"x":0.4009999930858612,"y":-0.17913776636123658,"z":1.023260235786438},"rotation":{"x":-0.2380121648311615,"y":0.6759372353553772,"z":-0.2465907335281372,"w":-0.6524242162704468},"size":1.7011651992797852,"orthographic":false}