{"cameraMode":{"drawMode":0,"name":"Shaded","section":"Shading Mode"},"sceneLighting":false,"audioPlay":false,"sceneViewState":{"showFog":false,"showMaterialUpdate":false,"showSkybox":false,"showFlares":false,"showImageEffects":false,"showParticleSystems":true},"in2DMode":false,"pivot":{"x":-2.244295120239258,"y":1.9080555438995362,"z":-5.156723976135254},"rotation":{"x":-0.07163252681493759,"y":0.8952704071998596,"z":-0.15598438680171967,"w":-0.41113215684890749},"size":16.023290634155275,"orthographic":false}