{"cameraMode":{"drawMode":0,"name":"Shaded","section":"Shading Mode"},"sceneLighting":false,"audioPlay":false,"sceneViewState":{"showFog":false,"showMaterialUpdate":false,"showSkybox":false,"showFlares":false,"showImageEffects":false,"showParticleSystems":true},"in2DMode":false,"pivot":{"x":-1.0976428985595704,"y":-23.530317306518556,"z":3.6897945404052736},"rotation":{"x":-0.07163252681493759,"y":0.8952704071998596,"z":-0.15598438680171967,"w":-0.41113215684890749},"size":104.6967544555664,"orthographic":false}