{"cameraMode":{"drawMode":0,"name":"Shaded","section":"Shading Mode"},"sceneLighting":false,"audioPlay":false,"sceneViewState":{"showFog":false,"showMaterialUpdate":false,"showSkybox":false,"showFlares":false,"showImageEffects":false,"showParticleSystems":true},"in2DMode":false,"pivot":{"x":0.0,"y":2.798875570297241,"z":-0.35570037364959719},"rotation":{"x":0.00901253055781126,"y":-0.7152748703956604,"z":-0.009229128248989582,"w":-0.6987460255622864},"size":7.746804714202881,"orthographic":false}