{"cameraMode":{"drawMode":0,"name":"Shaded","section":"Shading Mode"},"sceneLighting":false,"audioPlay":false,"sceneViewState":{"showFog":false,"showMaterialUpdate":false,"showSkybox":false,"showFlares":false,"showImageEffects":false,"showParticleSystems":true},"in2DMode":false,"pivot":{"x":37.39847946166992,"y":-8.436529159545899,"z":-4.948005676269531},"rotation":{"x":-0.07569153606891632,"y":-0.7729889154434204,"z":0.0939134806394577,"w":-0.6229008436203003},"size":58.839866638183597,"orthographic":false}