{"cameraMode":{"drawMode":0,"name":"Shaded","section":"Shading Mode"},"sceneLighting":false,"audioPlay":false,"sceneViewState":{"showFog":false,"showMaterialUpdate":false,"showSkybox":false,"showFlares":false,"showImageEffects":false,"showParticleSystems":true},"in2DMode":false,"pivot":{"x":-0.8783712387084961,"y":1.1296417713165284,"z":-3.686021327972412},"rotation":{"x":-0.07795361429452896,"y":0.6401106119155884,"z":-0.06552300602197647,"w":-0.7615137100219727},"size":30.8421630859375,"orthographic":false}