{"cameraMode":{"drawMode":0,"name":"Shaded","section":"Shading Mode"},"sceneLighting":true,"audioPlay":false,"sceneViewState":{"showFog":false,"showMaterialUpdate":false,"showSkybox":false,"showFlares":false,"showImageEffects":false,"showParticleSystems":false},"in2DMode":false,"pivot":{"x":-0.016546256840229036,"y":-0.024258777499198915,"z":-1.3644057512283326},"rotation":{"x":0.06415319442749024,"y":-0.7710528373718262,"z":0.07868766784667969,"w":0.6286338567733765},"size":20.3103084564209,"orthographic":false}