{"cameraMode":{"drawMode":0,"name":"Shaded","section":"Shading Mode"},"sceneLighting":true,"audioPlay":false,"sceneViewState":{"showFog":false,"showMaterialUpdate":false,"showSkybox":false,"showFlares":false,"showImageEffects":false,"showParticleSystems":false},"in2DMode":false,"pivot":{"x":-2.8000001907348635,"y":1.7300000190734864,"z":6.210000038146973},"rotation":{"x":-0.13612209260463715,"y":0.8630896806716919,"z":-0.3222009241580963,"w":-0.364480584859848},"size":150.67457580566407,"orthographic":false}