{"cameraMode":{"drawMode":0,"name":"Shaded","section":"Shading Mode"},"sceneLighting":false,"audioPlay":false,"sceneViewState":{"showFog":false,"showMaterialUpdate":false,"showSkybox":false,"showFlares":false,"showImageEffects":false,"showParticleSystems":true},"in2DMode":false,"pivot":{"x":-19.959043502807618,"y":-5.390482425689697,"z":14.559028625488282},"rotation":{"x":-0.10509511083364487,"y":0.46327561140060427,"z":-0.055438049137592319,"w":-0.8782296776771545},"size":83.92752075195313,"orthographic":false}