{"cameraMode":{"drawMode":0,"name":"Shaded","section":"Shading Mode"},"sceneLighting":false,"audioPlay":false,"sceneViewState":{"showFog":false,"showMaterialUpdate":false,"showSkybox":false,"showFlares":false,"showImageEffects":false,"showParticleSystems":true},"in2DMode":false,"pivot":{"x":-1.7427411079406739,"y":1.3651812076568604,"z":3.6485650539398195},"rotation":{"x":-0.10143265128135681,"y":0.4356919527053833,"z":-0.049488119781017306,"w":-0.8930102586746216},"size":11.027402877807618,"orthographic":false}